"Fecha","Último","Apertura","Máximo","Mínimo","Vol.","% var."
"Sep 2020","1.893,15","1.973,90","2.000,65","1.852,00","1,25M","-4,32%"
"Ago 2020","1.978,60","1.997,40","2.089,20","1.874,20","7,18M","-0,37%"
"Jul 2020","1.985,90","1.817,50","2.005,40","1.788,30","1,62M","9,09%"
"Jun 2020","1.820,40","1.763,10","1.823,50","1.690,10","129,54K","3,10%"
"May 2020","1.765,70","1.705,70","1.800,00","1.688,00","113,73K","3,57%"
"Abr 2020","1.704,90","1.580,00","1.789,50","1.577,70","82,20K","6,72%"
"Mar 2020","1.597,60","1.609,10","1.712,10","1.458,80","86,50K","0,88%"
"Feb 2020","1.583,60","1.618,80","1.711,80","1.573,00","49,27K","-1,60%"
"Ene 2020","1.609,40","1.548,70","1.637,90","1.548,20","59,27K","3,79%"
"Dic 2019","1.550,60","1.494,00","1.555,00","1.485,00","9,43K","3,61%"
"Nov 2019","1.496,60","1.542,10","1.545,00","1.480,00","13,87K","-3,07%"
"Oct 2019","1.544,00","1.502,60","1.551,80","1.499,00","7,06K","2,78%"
"Sep 2019","1.502,30","1.562,80","1.590,70","1.500,10","4,92K","-3,53%"
"Ago 2019","1.557,20","1.450,80","1.584,50","1.443,30","4,36K","6,20%"
"Jul 2019","1.466,30","1.444,00","1.488,50","1.424,40","1,64K","1,35%"
"Jun 2019","1.446,80","1.356,50","1.473,90","1.356,50","1,44K","7,20%"
"May 2019","1.349,60","1.334,20","1.350,20","1.320,10","1,02K","1,04%"
"Abr 2019","1.335,70","1.342,70","1.363,90","1.323,80","0,07K","-0,77%"
"Mar 2019","1.346,00","1.350,00","1.368,20","1.342,20","0,19K","-2,13%"
"Feb 2019","1.375,30","1.382,60","1.388,00","1.374,00","0,30K","-0,63%"
"Ene 2019","1.384,00","1.351,80","1.377,60","1.351,80","0,28K","2,74%"
"Dic 2018","1.347,10","1.313,90","1.343,00","1.309,50","0,03K","4,21%"
"Nov 2018","1.292,70","1.289,70","1.289,70","1.289,70","0,15K","0,35%"
"Oct 2018","1.288,20","1.271,20","1.296,70","1.271,20","0,12K","1,54%"
"Sep 2018","1.268,70","1.266,10","1.271,90","1.260,00","0,10K","-0,70%"
"Ago 2018","1.277,70","1.308,00","1.308,00","1.265,80","0,07K","-2,45%"
"Jul 2018","1.309,80","1.327,00","1.327,00","1.301,90","0,12K","-2,52%"
"Jun 2018","1.343,70","1.392,40","1.392,40","1.353,70","0,03K","-3,68%"
"May 2018","1.395,00","1.413,50","1.413,50","1.405,30","0,10K","-1,70%"
"Abr 2018","1.419,10","1.460,10","1.460,10","1.442,00","0,02K","-0,48%"
"Mar 2018","1.426,00","1.433,40","1.433,40","1.433,40","0,01K","0,48%"
"Feb 2018","1.419,20","1.419,20","1.419,20","1.419,20","9,63K","-1,40%"
"Ene 2018","1.439,40","1.399,00","1.399,00","1.398,00","0,00K","3,41%"
"Dic 2017","1.391,90","1.327,60","1.372,10","1.327,60","0,08K","2,55%"
"Nov 2017","1.357,30","1.382,00","1.382,00","1.382,00","0,13K","0,71%"
"Oct 2017","1.347,70","1.353,30","1.382,00","1.351,70","0,01K","-0,73%"
"Sep 2017","1.357,60","1.406,60","1.406,60","1.367,30","0,15K","-2,23%"
"Ago 2017","1.388,50","1.326,40","1.393,70","1.326,40","0,01K","3,57%"
"Jul 2017","1.340,70","1.289,90","1.323,60","1.282,30","0,03K","2,03%"
"Jun 2017","1.314,00","1.342,80","1.342,80","1.313,70","0,01K","-2,56%"
"May 2017","1.348,50","1.326,90","1.340,00","1.303,20","0,06K","0,10%"
"Abr 2017","1.347,10","1.333,10","1.378,00","1.333,10","0,01K","1,30%"
"Mar 2017","1.329,80","1.307,60","1.344,00","1.294,00","0,09K","-0,34%"
"Feb 2017","1.334,30","1.289,00","1.323,90","1.289,00","0,05K","3,29%"
"Ene 2017","1.291,80","1.232,40","1.299,60","1.232,40","0,05K","4,64%"
"Dic 2016","1.234,50","1.236,70","1.239,00","1.236,70","0,02K","-0,31%"
"Nov 2016","1.238,40","1.334,00","1.334,00","1.334,00","0,16K","-7,15%"
"Oct 2016","1.333,70","1.333,70","1.333,70","1.333,70","0,00K","-2,68%"
"Sep 2016","1.370,40","1.386,70","1.386,70","1.378,00","0,31K","0,18%"
"Ago 2016","1.367,90","1.409,90","1.410,70","1.384,40","0,06K","-3,38%"
"Jul 2016","1.415,70","1.402,80","1.402,80","1.402,80","0,41K","2,96%"
"Jun 2016","1.375,00","1.375,00","1.375,00","1.375,00","0,06K","8,33%"
"May 2016","1.269,30","1.269,30","1.269,30","1.269,30","0,00K","-5,37%"
"Abr 2016","1.341,40","1.341,40","1.341,40","1.341,40","0,30K","4,72%"
"Mar 2016","1.280,90","1.304,00","1.304,00","1.269,70","0,01K","0,60%"
"Feb 2016","1.273,30","1.220,40","1.269,00","1.220,40","0,01K","9,59%"
"Ene 2016","1.161,90","1.161,90","1.161,90","1.161,90","0,00K","3,65%"
"Dic 2015","1.121,00","1.121,00","1.121,00","1.121,00","9,97K","-0,26%"
"Nov 2015","1.123,90","1.131,00","1.138,40","1.131,00","0,02K","-5,97%"
"Oct 2015","1.195,20","1.195,20","1.195,20","1.195,20","0,15K","0,98%"
"Sep 2015","1.183,60","1.188,40","1.188,40","1.188,40","0,00K","-2,74%"
"Ago 2015","1.216,90","1.216,90","1.216,90","1.216,90","12,82K","2,86%"
"Jul 2015","1.183,10","1.268,50","1.268,50","1.268,00","0,00K","-6,90%"
"Jun 2015","1.270,80","1.264,00","1.266,80","1.263,00","0,01K","-0,77%"
"May 2015","1.280,70","1.317,50","1.318,20","1.276,50","0,00K","0,60%"
"Abr 2015","1.273,00","1.273,00","1.273,00","1.273,00","7,45K","0,06%"
"Mar 2015","1.272,20","1.272,20","1.272,20","1.272,20","42,95K","-2,84%"
"Feb 2015","1.309,40","1.367,00","1.367,00","1.323,30","0,00K","-5,43%"
"Ene 2015","1.384,60","1.340,00","1.391,10","1.340,00","0,01K","3,68%"
"Dic 2014","1.335,40","1.335,40","1.335,40","1.346,70","11,02K","13,63%"
"Nov 2014","1.175,20","1.166,40","1.202,40","1.132,90","88,66K","0,35%"
"Oct 2014","1.171,10","1.207,70","1.247,00","1.161,40","3,88K","-3,25%"
"Sep 2014","1.210,50","1.284,50","1.286,40","1.204,00","8,21K","-5,86%"
"Ago 2014","1.285,80","1.284,10","1.322,10","1.272,00","8,89K","0,35%"
"Jul 2014","1.281,30","1.326,70","1.343,70","1.280,60","43,10K","-3,06%"
"Jun 2014","1.321,80","1.250,00","1.328,70","1.240,50","10,00K","6,12%"
"May 2014","1.245,60","1.288,70","1.314,20","1.241,80","42,32K","-3,86%"
"Abr 2014","1.295,60","1.285,10","1.330,00","1.272,40","7,94K","0,95%"
"Mar 2014","1.283,40","1.335,90","1.391,40","1.282,40","70,78K","-2,88%"
"Feb 2014","1.321,40","1.242,40","1.344,00","1.241,20","11,52K","6,56%"
"Ene 2014","1.240,10","1.204,30","1.269,40","1.204,30","52,67K","3,18%"
"Dic 2013","1.201,90","1.251,40","1.267,00","1.182,00","14,56K","-3,89%"
"Nov 2013","1.250,60","1.325,70","1.325,70","1.229,00","92,25K","-5,52%"
"Oct 2013","1.323,60","1.328,00","1.359,70","1.254,10","2,56K","-0,22%"
"Sep 2013","1.326,50","1.393,00","1.414,40","1.292,10","4,59K","-4,99%"
"Ago 2013","1.396,10","1.323,00","1.428,00","1.274,00","10,14K","6,38%"
"Jul 2013","1.312,40","1.234,70","1.345,10","1.208,90","51,81K","7,24%"
"Jun 2013","1.223,80","1.389,10","1.422,70","1.183,20","12,13K","-12,12%"
"May 2013","1.392,60","1.475,80","1.487,10","1.342,90","53,45K","-5,41%"
"Abr 2013","1.472,20","1.596,80","1.602,60","1.323,00","14,30K","-7,69%"
"Mar 2013","1.594,80","1.579,60","1.613,10","1.561,80","58,37K","1,08%"
"Feb 2013","1.577,70","1.663,90","1.683,40","1.554,50","10,81K","-4,99%"
"Ene 2013","1.660,60","1.672,80","1.694,70","1.625,70","51,88K","-0,85%"
"Dic 2012","1.674,80","1.714,90","1.722,30","1.635,80","6,82K","-2,11%"
"Nov 2012","1.710,90","1.722,30","1.750,50","1.674,30","69,65K","-0,38%"
"Oct 2012","1.717,50","1.766,00","1.794,80","1.698,60","2,63K","-3,03%"
"Sep 2012","1.771,10","1.689,10","1.785,30","1.687,70","10,33K","5,13%"
"Ago 2012","1.684,60","1.613,40","1.690,00","1.583,10","11,42K","4,60%"
"Jul 2012","1.610,50","1.597,10","1.627,50","1.557,20","59,61K","0,44%"
"Jun 2012","1.603,50","1.560,00","1.639,70","1.545,50","10,99K","2,62%"
"May 2012","1.562,60","1.665,00","1.670,50","1.528,50","86,46K","-6,06%"
"Abr 2012","1.663,40","1.670,40","1.682,80","1.613,00","9,55K","-0,35%"
"Mar 2012","1.669,30","1.698,60","1.724,60","1.633,80","61,45K","-2,37%"
"Feb 2012","1.709,90","1.738,20","1.790,40","1.669,00","8,89K","-1,61%"
"Ene 2012","1.737,80","1.568,90","1.747,70","1.566,00","62,70K","10,98%"
"Dic 2011","1.565,80","1.747,00","1.762,90","1.525,00","10,60K","-10,30%"
"Nov 2011","1.745,50","1.706,70","1.797,00","1.674,40","81,48K","1,24%"
"Oct 2011","1.724,20","1.627,80","1.752,00","1.596,60","2,24K","6,41%"
"Sep 2011","1.620,40","1.825,80","1.911,60","1.562,40","10,61K","-11,38%"
"Ago 2011","1.828,50","1.623,00","1.909,30","1.607,00","24,85K","12,30%"
"Jul 2011","1.628,30","1.502,20","1.634,90","1.480,00","77,74K","8,39%"
"Jun 2011","1.502,30","1.535,70","1.558,50","1.490,70","14,69K","-2,19%"
"May 2011","1.535,90","1.572,90","1.576,60","1.471,00","84,31K","-1,29%"
"Abr 2011","1.556,00","1.433,40","1.568,70","1.413,00","15,55K","8,14%"
"Mar 2011","1.438,90","1.415,30","1.446,90","1.385,50","58,55K","2,10%"
"Feb 2011","1.409,30","1.333,10","1.415,70","1.324,90","13,73K","5,66%"
"Ene 2011","1.333,80","1.415,60","1.423,90","1.307,70","88,70K","-6,14%"
"Dic 2010","1.421,10","1.386,80","1.431,10","1.362,50","16,14K","2,61%"
"Nov 2010","1.385,00","1.360,30","1.423,20","1.327,50","106,91K","2,06%"
"Oct 2010","1.357,10","1.309,00","1.383,90","1.309,00","3,17K","3,77%"
"Sep 2010","1.307,80","1.252,30","1.315,20","1.239,00","8,09K","4,77%"
"Ago 2010","1.248,30","1.181,80","1.249,40","1.174,70","8,71K","5,64%"
"Jul 2010","1.181,70","1.241,70","1.242,40","1.158,70","60,70K","-5,12%"
"Jun 2010","1.245,50","1.217,00","1.264,80","1.196,90","16,40K","2,75%"
"May 2010","1.212,20","1.178,60","1.246,50","1.159,20","124,17K","2,72%"
"Abr 2010","1.180,10","1.112,90","1.181,30","1.111,30","8,60K","6,00%"
"Mar 2010","1.113,30","1.119,30","1.145,00","1.085,50","63,87K","-0,45%"
"Feb 2010","1.118,30","1.081,00","1.127,40","1.045,20","17,64K","3,26%"
"Ene 2010","1.083,00","1.097,10","1.161,20","1.073,20","113,97K","-1,11%"
"Dic 2009","1.095,20","1.181,00","1.226,40","1.075,00","23,25K","-7,27%"
"Nov 2009","1.181,10","1.043,50","1.195,00","1.043,50","127,74K","13,60%"
"Oct 2009","1.039,70","1.007,40","1.070,20","986,80","3,43K","3,14%"
"Sep 2009","1.008,00","954,20","1.019,80","948,70","8,65K","5,92%"
"Ago 2009","951,70","952,60","971,10","931,50","7,37K","-0,21%"
"Jul 2009","953,70","929,30","958,10","905,60","48,33K","2,87%"
"Jun 2009","927,10","978,80","990,30","917,30","12,65K","-5,28%"
"May 2009","978,80","884,00","980,40","881,50","83,23K","9,89%"
"Abr 2009","890,70","918,60","932,50","865,00","17,10K","-3,46%"
"Mar 2009","922,60","945,00","960,80","885,00","71,42K","-2,01%"
"Feb 2009","941,50","929,00","1.004,90","889,80","13,41K","1,53%"
"Ene 2009","927,30","881,50","930,30","805,60","78,17K","4,95%"
"Dic 2008","883,60","817,20","882,90","740,00","9,30K","8,26%"
"Nov 2008","816,20","728,80","824,00","707,00","60,05K","13,87%"
"Oct 2008","716,80","878,00","925,70","681,00","3,28K","-18,01%"
"Sep 2008","874,20","829,90","919,00","739,00","5,17K","5,41%"
"Ago 2008","829,30","904,90","916,10","780,90","8,86K","-9,26%"
"Jul 2008","913,90","943,60","986,20","893,30","103,25K","-1,33%"
"Jun 2008","926,20","887,30","933,70","858,20","9,30K","4,38%"
"May 2008","887,30","855,00","924,70","849,60","71,91K","2,84%"
"Abr 2008","862,80","915,00","948,70","863,00","13,22K","-5,83%"
"Mar 2008","916,20","984,20","1.014,60","912,00","70,80K","-5,75%"
"Feb 2008","972,10","924,80","973,10","884,70","8,00K","5,35%"
"Ene 2008","922,70","848,70","936,30","846,40","74,15K","10,52%"
"Dic 2007","834,90","783,90","843,20","777,00","7,59K","6,74%"
"Nov 2007","782,20","785,30","841,30","777,60","73,99K","-1,24%"
"Oct 2007","792,00","745,10","795,40","724,30","2,76K","6,62%"
"Sep 2007","742,80","678,60","745,70","678,60","14,45K","10,37%"
"Ago 2007","673,00","663,20","676,20","642,90","8,32K","0,91%"
"Jul 2007","666,90","656,80","668,30","655,70","42,41K","2,90%"
"Jun 2007","648,10","661,50","674,00","640,00","4,47K","-1,95%"
"May 2007","661,00","673,70","673,70","651,50","58,01K","-2,87%"
"Abr 2007","680,50","665,50","692,50","656,10","4,50K","2,64%"
"Mar 2007","663,00","673,00","673,00","640,00","42,72K","-0,96%"
"Feb 2007","669,40","652,90","687,70","642,00","3,95K","2,67%"
"Ene 2007","652,00","640,40","655,50","607,00","30,45K","2,64%"
"Dic 2006","635,20","645,70","649,50","612,00","3,80K","-1,81%"
"Nov 2006","646,90","612,50","648,00","612,50","31,48K","7,08%"
"Oct 2006","604,10","598,90","608,90","560,50","6,53K","0,92%"
"Sep 2006","598,60","591,00","606,20","584,00","9,51K","-4,36%"
"Ago 2006","625,90","635,40","656,00","609,00","5,03K","-1,31%"
"Jul 2006","634,20","624,00","677,00","624,00","31,59K","3,37%"
"Jun 2006","613,50","642,80","645,10","555,00","6,22K","-4,51%"
"May 2006","642,50","658,00","723,00","638,00","56,56K","-1,43%"
"Abr 2006","651,80","582,00","642,00","582,00","8,19K","12,03%"
"Mar 2006","581,80","562,50","589,60","540,00","28,94K","3,60%"
"Feb 2006","561,60","571,60","575,30","535,50","10,30K","-1,61%"
"Ene 2006","570,80","518,60","572,70","518,60","42,03K","10,38%"
"Dic 2005","517,10","494,20","538,50","490,10","12,28K","4,55%"
"Nov 2005","494,60","463,00","502,30","455,30","48,42K","6,34%"
"Oct 2005","465,10","467,80","478,50","460,50","2,17K","-0,83%"
"Sep 2005","469,00","438,50","474,00","438,50","11,75K","8,11%"
"Ago 2005","433,80","430,00","449,50","429,10","3,00K","0,91%"
"Jul 2005","429,90","423,50","430,50","423,50","44,50K","-1,38%"
"Jun 2005","435,90","416,40","442,50","414,00","6,99K","4,71%"
"May 2005","416,30","416,50","420,20","413,20","58,88K","-4,30%"
"Abr 2005","435,00","428,30","438,20","422,70","2,58K","1,47%"
"Mar 2005","428,70","433,40","433,40","425,50","31,84K","-1,79%"
"Feb 2005","436,50","422,20","436,00","410,10","9,07K","3,49%"
"Ene 2005","421,80","431,00","431,00","418,70","48,27K","-3,59%"
"Dic 2004","437,50","451,60","456,50","432,60","12,86K","-3,06%"
"Nov 2004","451,30","434,00","454,80","434,00","70,97K","5,32%"
"Oct 2004","428,50","419,10","430,00","410,30","2,31K","2,34%"
"Sep 2004","418,70","407,30","418,80","396,80","6,64K","2,02%"
"Ago 2004","410,40","394,00","412,80","388,80","6,21K","4,96%"
"Jul 2004","391,00","397,80","397,80","385,00","47,09K","-0,41%"
"Jun 2004","392,60","395,10","405,00","383,00","6,55K","-0,36%"
"May 2004","394,00","392,00","396,30","377,00","9,87K","1,81%"
"Abr 2004","387,00","427,20","432,00","380,00","6,61K","-9,43%"
"Mar 2004","427,30","397,50","428,00","391,10","41,43K","7,80%"
"Feb 2004","396,40","403,00","416,00","392,50","5,82K","-1,44%"
"Ene 2004","402,20","422,50","428,20","396,50","56,01K","-3,25%"
"Dic 2003","415,70","397,20","415,80","397,00","10,49K","4,76%"
"Nov 2003","396,80","382,80","402,00","382,80","12,77K","3,20%"
"Oct 2003","384,50","385,50","394,00","368,00","3,78K","-0,23%"
"Sep 2003","385,40","375,00","388,70","375,00","8,83K","2,58%"
"Ago 2003","375,70","354,10","375,00","346,00","5,88K","6,13%"
"Jul 2003","354,00","344,00","362,00","344,00","37,36K","2,31%"
"Jun 2003","346,00","362,40","370,00","343,40","10,49K","-5,08%"
"May 2003","364,50","339,00","370,00","339,00","37,94K","7,49%"
"Abr 2003","339,10","336,00","338,40","319,30","5,20K","0,95%"
"Mar 2003","335,90","342,70","343,00","328,40","30,92K","-4,08%"
"Feb 2003","350,20","368,00","388,90","342,00","7,92K","-4,91%"
"Ene 2003","368,30","345,20","372,00","345,20","7,48K","5,96%"
"Dic 2002","347,60","318,10","350,50","315,50","8,25K","9,72%"
"Nov 2002","316,80","321,50","321,50","316,50","15,46K","-0,38%"
"Oct 2002","318,00","322,00","322,90","309,80","3,93K","-1,82%"
"Sep 2002","323,90","312,50","324,20","312,50","4,39K","3,68%"
"Ago 2002","312,40","303,20","318,00","298,00","4,22K","3,03%"
"Jul 2002","303,20","315,00","320,50","300,80","27,56K","-3,29%"
"Jun 2002","313,50","326,60","330,30","316,00","6,89K","-3,98%"
"May 2002","326,50","307,50","329,00","306,80","28,82K","5,70%"
"Abr 2002","308,90","302,60","312,50","297,50","2,66K","2,08%"
"Mar 2002","302,60","298,00","304,50","298,00","4,24K","1,99%"
"Feb 2002","296,70","282,30","308,00","282,20","5,10K","5,18%"
"Ene 2002","282,10","279,00","283,20","276,70","27,50K","1,22%"
"Dic 2001","278,70","274,20","281,30","271,20","2,90K","1,75%"
"Nov 2001","273,90","280,50","280,50","272,60","27,21K","-2,00%"
"Oct 2001","279,50","291,80","292,90","274,00","0,96K","-4,41%"
"Sep 2001","292,40","289,50","294,00","289,00","2,73K","6,56%"
"Ago 2001","274,40","266,20","280,80","265,80","2,17K","3,08%"
"Jul 2001","266,20","263,70","267,50","263,70","19,97K","-1,63%"
"Jun 2001","270,60","264,70","277,00","264,50","1,96K","2,00%"
"May 2001","265,30","274,40","275,00","264,20","31,74K","0,49%"
"Abr 2001","264,00","257,20","265,00","255,00","4,32K","2,37%"
"Mar 2001","257,90","260,00","260,40","256,60","28,68K","-3,34%"
"Feb 2001","266,80","266,30","268,90","255,00","1,67K","0,45%"
"Ene 2001","265,60","262,90","266,60","262,90","17,24K","-2,35%"
"Dic 2000","272,00","269,70","276,00","268,00","2,48K","0,70%"
"Nov 2000","270,10","265,20","270,20","265,20","31,66K","1,96%"
"Oct 2000","264,90","272,80","275,00","264,50","0,34K","-3,18%"
"Sep 2000","273,60","277,50","277,50","272,00","4,27K","-1,69%"
"Ago 2000","278,30","276,00","279,00","271,00","3,15K","0,54%"
"Jul 2000","276,80","278,50","279,00","276,00","28,66K","-4,58%"
"Jun 2000","290,10","272,00","292,50","271,80","3,48K","6,77%"
"May 2000","271,70","272,70","274,40","271,30","27,36K","-0,51%"
"Abr 2000","273,10","278,40","289,50","274,00","1,57K","-1,90%"
"Mar 2000","278,40","275,00","279,80","274,50","15,49K","-4,79%"
"Feb 2000","292,40","282,30","322,00","282,20","2,67K","3,25%"
"Ene 2000","283,20","281,00","288,00","280,50","16,98K","-1,84%"
"Dic 1999","288,50","290,80","291,50","275,00","4,59K","-0,55%"
"Nov 1999","290,10","290,80","299,70","289,00","26,89K","-3,04%"
"Oct 1999","299,20","297,90","327,50","296,00","0,55K","0,44%"
"Sep 1999","297,90","255,50","320,00","254,10","1,30K","16,46%"
"Ago 1999","255,80","256,80","262,70","252,50","7,25K","-0,43%"
"Jul 1999","256,90","257,30","258,20","252,90","26,99K","-2,36%"
"Jun 1999","263,10","266,80","268,50","258,60","4,70K","-2,70%"
"May 1999","270,40","285,00","285,00","267,90","31,40K","-5,72%"
"Abr 1999","286,80","280,40","285,30","277,50","2,22K","2,50%"
"Mar 1999","279,80","285,00","293,00","278,20","7,34K","-2,68%"
"Feb 1999","287,50","286,80","292,50","285,50","5,04K","0,42%"
"Ene 1999","286,30","289,00","289,00","282,10","26,57K","-0,62%"
"Dic 1998","288,10","292,00","296,20","285,50","4,77K","-1,50%"
"Nov 1998","292,50","292,50","297,00","291,00","25,72K","-0,07%"
"Oct 1998","292,70","298,50","302,70","291,50","1,03K","-1,25%"
"Sep 1998","296,40","287,00","296,90","287,00","2,81K","7,51%"
"Ago 1998","275,70","286,30","290,00","275,60","6,66K","-3,70%"
"Jul 1998","286,30","294,20","294,20","286,00","23,44K","-3,60%"
"Jun 1998","297,00","292,20","300,10","284,60","4,39K","1,61%"
"May 1998","292,30","300,00","300,00","291,20","33,08K","-4,73%"
"Abr 1998","306,80","301,00","315,60","299,00","2,50K","2,10%"
"Mar 1998","300,50","295,50","303,50","292,80","13,44K","0,47%"
"Feb 1998","299,10","301,90","305,50","290,80","4,12K","-1,25%"
"Ene 1998","302,90","305,80","306,60","300,60","97,80K","4,74%"
"Dic 1997","289,20","296,10","297,70","281,50","18,44K","-2,59%"
"Nov 1997","296,90","312,50","312,50","295,10","44,85K","-4,63%"
"Oct 1997","311,30","336,00","338,00","310,10","0,73K","-6,88%"
"Sep 1997","334,30","324,90","335,00","324,90","3,53K","3,02%"
"Ago 1997","324,50","324,30","328,80","317,00","4,61K","0,12%"
"Jul 1997","324,10","331,80","331,80","320,00","79,04K","-3,02%"
"Jun 1997","334,20","344,60","345,00","336,50","3,48K","-3,07%"
"May 1997","344,80","342,40","347,60","340,20","24,03K","1,41%"
"Abr 1997","340,00","351,60","351,90","337,00","5,08K","-3,13%"
"Mar 1997","351,00","346,00","352,40","346,00","80,50K","-3,76%"
"Feb 1997","364,70","345,40","359,50","338,50","9,46K","5,74%"
"Ene 1997","344,90","353,70","353,70","344,20","16,67K","-6,35%"
"Dic 1996","368,30","371,20","373,50","366,00","8,03K","-1,26%"
"Nov 1996","373,00","379,00","379,00","372,50","0,14K","-1,35%"
"Oct 1996","378,10","377,30","384,00","377,00","0,32K","0,11%"
"Sep 1996","377,70","386,20","386,30","377,20","4,51K","-2,38%"
"Ago 1996","386,90","387,60","390,50","386,00","4,99K","-0,15%"
"Jul 1996","387,50","385,00","388,00","384,00","39,52K","1,95%"
"Jun 1996","380,10","390,80","391,00","382,30","8,76K","-2,76%"
"May 1996","390,90","391,30","392,00","389,50","34,89K","-0,26%"
"Abr 1996","391,90","395,30","398,00","389,70","5,30K","-0,99%"
"Mar 1996","395,80","392,50","400,80","392,50","38,56K","-1,03%"
"Feb 1996","399,90","406,80","417,50","396,50","3,35K","-1,41%"
"Ene 1996","405,60","387,40","407,30","387,40","38,54K","4,64%"
"Dic 1995","387,60","387,60","390,50","385,50","6,61K","0,10%"
"Nov 1995","387,20","386,30","389,00","381,80","16,39K","1,10%"
"Oct 1995","383,00","383,30","386,40","381,60","1,63K","-0,21%"
"Sep 1995","383,80","386,20","386,20","383,30","4,50K","0,24%"
"Ago 1995","382,90","382,00","387,00","381,30","6,82K","0,16%"
"Jul 1995","382,30","384,10","387,10","381,60","26,21K","-0,68%"
"Jun 1995","384,90","385,00","392,50","383,80","10,47K","-0,05%"
"May 1995","385,10","388,30","388,30","383,80","25,91K","-0,49%"
"Abr 1995","387,00","393,10","397,60","386,00","3,52K","-1,33%"
"Mar 1995","392,20","379,00","401,00","378,90","22,10K","4,06%"
"Feb 1995","376,90","376,40","381,00","374,50","8,16K","0,40%"
"Ene 1995","375,40","377,70","384,50","372,00","18,72K","-2,01%"
"Dic 1994","383,10","379,50","383,60","374,50","7,92K","0,63%"
"Nov 1994","380,70","384,30","386,70","379,70","32,31K","-0,73%"
"Oct 1994","383,50","392,60","395,20","385,50","0,77K","-2,71%"
"Sep 1994","394,20","389,50","395,90","389,50","3,61K","2,05%"
"Ago 1994","386,30","383,80","387,30","375,40","13,71K","0,86%"
"Jul 1994","383,00","386,70","387,70","381,50","26,64K","-0,73%"
"Jun 1994","385,80","387,40","395,70","377,70","8,57K","-0,34%"
"May 1994","387,10","376,60","388,20","376,60","29,49K","2,79%"
"Abr 1994","376,60","392,00","393,00","369,10","4,96K","-3,88%"
"Mar 1994","391,80","381,00","394,00","375,00","26,99K","2,73%"
"Feb 1994","381,40","381,30","390,50","375,70","4,82K","-0,05%"
"Ene 1994","381,60","391,00","391,00","375,30","32,87K","-2,35%"
"Dic 1993","390,80","369,50","392,50","368,30","7,52K","5,68%"
"Nov 1993","369,80","377,00","377,00","368,00","43,66K","0,30%"
"Oct 1993","368,70","354,30","375,00","350,50","0,43K","3,83%"
"Sep 1993","355,10","353,00","356,30","343,00","5,02K","-4,80%"
"Ago 1993","373,00","405,50","409,00","364,50","13,49K","-8,35%"
"Jul 1993","407,00","391,90","407,50","391,20","29,74K","7,56%"
"Jun 1993","378,40","377,50","378,60","361,70","8,40K","0,03%"
"May 1993","378,30","355,00","384,50","355,00","5,85K","6,12%"
"Abr 1993","356,50","337,00","354,20","336,00","4,00K","5,60%"
"Mar 1993","337,60","329,80","339,80","326,00","14,65K","2,80%"
"Feb 1993","328,40","330,00","334,20","328,00","9,19K","-0,55%"
"Ene 1993","330,20","330,00","332,70","327,00","23,73K","-0,78%"
"Dic 1992","332,80","334,40","339,20","331,80","9,66K","-0,45%"
"Nov 1992","334,30","339,90","339,90","329,70","54,38K","-1,50%"
"Oct 1992","339,40","348,10","351,00","338,00","32,24K","-2,42%"
"Sep 1992","347,80","340,80","351,20","340,80","1,99K","1,49%"
"Ago 1992","342,70","356,40","356,50","332,50","5,64K","-4,11%"
"Jul 1992","357,40","347,30","359,10","347,30","18,71K","4,17%"
"Jun 1992","343,10","336,60","345,00","336,40","7,11K","1,99%"
"May 1992","336,40","338,50","338,50","336,10","37,71K","-0,36%"
"Abr 1992","337,60","344,50","345,00","335,00","8,69K","-1,77%"
"Mar 1992","343,70","350,00","351,40","338,20","26,92K","-2,63%"
"Feb 1992","353,00","357,50","359,30","348,50","4,57K","-1,12%"
"Ene 1992","357,00","352,10","359,80","349,30","16,65K","0,82%"
"Dic 1991","354,10","368,80","372,50","351,00","6,30K","-3,75%"
"Nov 1991","367,90","355,60","369,30","353,70","29,72K","2,74%"
"Oct 1991","358,10","354,10","364,60","353,70","2,42K","1,16%"
"Sep 1991","354,00","348,30","356,10","341,00","4,75K","1,69%"
"Ago 1991","348,10","363,60","363,70","348,10","6,69K","-4,26%"
"Jul 1991","363,60","370,00","371,00","360,60","20,54K","-1,22%"
"Jun 1991","368,10","363,80","375,00","359,80","9,02K","1,85%"
"May 1991","361,40","356,00","364,30","353,20","18,06K","1,55%"
"Abr 1991","355,90","360,70","366,00","350,30","8,32K","-0,34%"
"Mar 1991","357,10","367,00","367,50","354,50","30,56K","-2,80%"
"Feb 1991","367,40","369,50","371,00","356,00","6,49K","0,44%"
"Ene 1991","365,80","393,00","403,20","365,20","24,84K","-7,20%"
"Dic 1990","394,20","383,00","394,20","368,00","10,11K","2,84%"
"Nov 1990","383,30","385,70","390,20","377,60","26,09K","1,03%"
"Oct 1990","379,40","397,00","399,80","360,50","3,81K","-5,74%"
"Sep 1990","402,50","382,00","408,20","378,00","3,23K","5,28%"
"Ago 1990","382,30","370,20","415,50","370,10","7,69K","3,32%"
"Jul 1990","370,00","358,00","373,30","353,00","29,92K","3,38%"
"Jun 1990","357,90","363,60","364,70","346,00","11,28K","-1,76%"
"May 1990","364,30","368,00","375,60","362,70","29,89K","-1,11%"
"Abr 1990","368,40","367,20","381,10","367,10","7,02K","-0,49%"
"Mar 1990","370,20","402,50","404,10","365,80","25,01K","-8,84%"
"Feb 1990","406,10","413,00","425,00","405,50","9,95K","-1,53%"
"Ene 1990","412,40","399,60","422,00","393,00","27,00K","2,46%"
"Dic 1989","402,50","413,00","418,70","398,60","9,19K","-2,21%"
"Nov 1989","411,60","374,20","415,50","374,20","33,25K","9,85%"
"Oct 1989","374,70","366,00","378,00","361,00","2,92K","2,04%"
"Sep 1989","367,20","359,00","369,20","359,00","4,04K","2,03%"
"Ago 1989","359,90","370,00","375,00","360,00","12,27K","-2,86%"
"Jul 1989","370,50","381,00","386,50","365,80","54,46K","-1,09%"
"Jun 1989","374,60","363,00","381,00","356,50","23,46K","3,11%"
"May 1989","363,30","378,00","379,80","363,00","29,26K","-3,86%"
"Abr 1989","377,90","386,00","393,00","377,50","16,19K","-1,87%"
"Mar 1989","385,10","383,50","396,50","381,50","19,64K","-0,62%"
"Feb 1989","387,50","392,30","398,00","380,00","15,87K","-1,05%"
"Ene 1989","391,60","410,80","410,80","389,50","24,57K","-4,49%"
"Dic 1988","410,00","425,00","433,50","408,20","21,87K","-3,48%"
"Nov 1988","424,80","411,00","425,70","411,00","37,35K","2,93%"
"Oct 1988","412,70","394,70","414,30","393,30","2,62K","4,64%"
"Sep 1988","394,40","430,00","430,00","391,80","4,16K","-8,56%"
"Ago 1988","431,30","436,80","437,20","422,00","13,92K","-1,10%"
"Jul 1988","436,10","437,90","447,00","425,90","45,13K","0,18%"
"Jun 1988","435,30","457,50","469,50","434,50","14,58K","-4,33%"
"May 1988","455,00","445,60","459,30","444,80","21,05K","0,89%"
"Abr 1988","451,00","457,30","462,00","446,00","14,65K","-0,75%"
"Mar 1988","454,40","429,20","460,00","427,50","35,76K","5,55%"
"Feb 1988","430,50","454,80","457,50","424,00","14,95K","-5,22%"
"Ene 1988","454,20","479,20","484,00","450,00","26,60K","-6,56%"
"Dic 1987","486,10","488,00","502,30","475,00","18,55K","-1,00%"
"Nov 1987","491,00","469,90","497,00","456,00","9,01K","4,74%"
"Oct 1987","468,80","453,50","491,50","452,80","6,61K","3,56%"
"Sep 1987","452,70","454,20","465,30","452,20","8,28K","0,47%"
"Ago 1987","450,60","475,00","479,00","448,00","11,76K","-2,91%"
"Jul 1987","464,10","446,80","464,80","445,30","27,87K","3,27%"
"Jun 1987","449,40","445,00","465,50","434,00","14,93K","-0,18%"
"May 1987","450,20","455,00","475,00","448,80","47,16K","-0,86%"
"Abr 1987","454,10","417,60","478,50","415,00","11,52K","8,64%"
"Mar 1987","418,00","410,40","425,00","403,90","14,53K","3,11%"
"Feb 1987","405,40","405,50","409,00","389,00","10,28K","0,07%"
"Ene 1987","405,10","401,50","424,50","397,00","16,34K","0,05%"
"Dic 1986","404,90","399,00","400,00","383,00","14,49K","3,58%"
"Nov 1986","390,90","402,90","410,90","380,30","25,78K","-3,15%"
"Oct 1986","403,60","425,90","443,00","399,00","6,20K","-5,19%"
"Sep 1986","425,70","393,10","431,50","392,00","6,12K","9,83%"
"Ago 1986","387,60","360,70","397,00","357,50","11,41K","6,87%"
"Jul 1986","362,70","342,50","365,00","342,50","20,39K","4,92%"
"Jun 1986","345,70","343,40","352,00","334,70","19,98K","0,46%"
"May 1986","344,10","341,10","345,30","339,00","26,65K","-0,61%"
"Abr 1986","346,20","332,50","348,70","328,00","12,91K","4,56%"
"Mar 1986","331,10","336,20","350,90","330,50","15,63K","-2,33%"
"Feb 1986","339,00","346,50","355,40","329,00","10,54K","-2,81%"
"Ene 1986","348,80","327,00","364,00","327,00","17,87K","6,02%"
"Dic 1985","329,00","324,00","328,20","313,00","15,97K","1,89%"
"Nov 1985","322,90","325,00","332,00","322,70","23,30K","-0,55%"
"Oct 1985","324,70","321,70","330,60","321,00","5,93K","0,59%"
"Sep 1985","322,80","327,00","329,70","317,00","3,32K","-3,12%"
"Ago 1985","333,20","325,00","342,20","318,50","10,99K","1,86%"
"Jul 1985","327,10","309,00","329,70","309,00","34,95K","3,61%"
"Jun 1985","315,70","317,50","328,20","309,80","11,10K","-0,16%"
"May 1985","316,20","315,00","325,00","309,80","20,37K","0,54%"
"Abr 1985","314,50","321,00","334,00","315,00","11,64K","-4,58%"
"Mar 1985","329,60","286,40","341,00","286,40","36,77K","14,84%"
"Feb 1985","287,00","303,00","305,50","281,20","11,42K","-5,62%"
"Ene 1985","304,10","303,30","308,00","298,00","29,51K","-1,23%"
"Dic 1984","307,90","328,70","334,50","304,70","14,36K","-6,44%"
"Nov 1984","329,10","343,20","350,00","327,50","46,93K","-1,35%"
"Oct 1984","333,60","346,00","349,50","333,80","6,05K","-3,28%"
"Sep 1984","344,90","340,00","349,50","334,50","8,50K","-1,00%"
"Ago 1984","348,40","338,20","358,00","336,50","22,08K","3,17%"
"Jul 1984","337,70","370,30","371,30","332,00","68,34K","-9,42%"
"Jun 1984","372,80","389,50","398,00","368,00","9,37K","-3,62%"
"May 1984","386,80","377,10","388,50","369,50","33,81K","2,84%"
"Abr 1984","376,10","387,80","391,00","376,10","12,50K","-2,94%"
"Mar 1984","387,50","393,50","405,50","385,00","36,51K","-2,10%"
"Feb 1984","395,80","378,50","401,50","375,10","10,92K","5,89%"
"Ene 1984","373,80","381,00","381,00","363,50","32,51K","-2,93%"
"Dic 1983","385,10","400,50","404,00","372,00","14,42K","-4,44%"
"Nov 1983","403,00","377,00","408,80","374,20","60,94K","7,12%"
"Oct 1983","376,20","392,00","404,00","375,50","4,08K","-6,39%"
"Sep 1983","401,90","415,50","418,50","397,00","9,79K","-3,02%"
"Ago 1983","414,40","412,50","427,50","405,50","9,86K","0,39%"
"Jul 1983","412,80","416,50","430,30","409,80","52,82K","-0,65%"
"Jun 1983","415,50","415,00","424,80","396,20","13,64K","0,85%"
"May 1983","412,00","429,00","445,00","410,00","39,67K","-4,25%"
"Abr 1983","430,30","417,00","446,00","417,00","13,87K","3,46%"
"Mar 1983","415,90","411,00","441,00","405,00","47,32K","3,85%"
"Feb 1983","400,50","508,50","514,00","396,00","68,76K","-21,49%"
"Ene 1983","510,10","492,00","511,00","490,00","35,78K","13,38%"
"Dic 1982","449,90","439,50","459,50","431,10","9,61K","1,65%"
"Nov 1982","442,60","416,00","443,50","416,00","53,20K","5,46%"
"Oct 1982","419,70","403,00","454,50","385,00","27,33K","5,32%"
"Sep 1982","398,50","412,20","496,00","390,50","31,57K","-2,47%"
"Ago 1982","408,60","354,00","430,50","330,50","21,98K","19,23%"
"Jul 1982","342,70","310,50","366,50","309,00","88,62K","8,86%"
"Jun 1982","314,80","319,00","337,50","295,00","22,91K","-2,30%"
"May 1982","322,20","345,50","345,50","321,50","40,56K","-5,98%"
"Abr 1982","342,70","327,50","370,00","322,80","14,47K","4,64%"
"Mar 1982","327,50","322,50","328,00","316,40","51,04K","-9,15%"
"Feb 1982","360,50","380,10","386,80","359,00","24,69K","-6,27%"
"Ene 1982","384,60","394,70","405,00","368,00","39,88K","-3,66%"
"Dic 1981","399,20","403,00","428,50","394,00","24,59K","-2,23%"
"Nov 1981","408,30","428,10","431,00","394,00","44,02K","-4,38%"
"Oct 1981","427,00","436,00","459,00","424,00","7,15K","-1,32%"
"Sep 1981","432,70","421,70","466,00","417,50","6,62K","1,81%"
"Ago 1981","425,00","390,00","439,00","387,50","24,40K","5,33%"
"Jul 1981","403,50","423,30","425,50","394,20","49,73K","-4,72%"
"Jun 1981","423,50","481,00","485,50","422,50","19,61K","-11,66%"
"May 1981","479,40","488,00","492,00","464,00","39,44K","-0,93%"
"Abr 1981","483,90","513,50","535,00","468,00","14,08K","-5,82%"
"Mar 1981","513,80","467,00","553,00","453,00","29,73K","6,71%"
"Feb 1981","481,50","494,00","519,50","480,00","19,52K","-4,03%"
"Ene 1981","501,70","584,30","599,50","485,00","51,69K","-15,15%"
"Dic 1980","591,30","636,00","638,50","539,00","31,36K","-5,33%"
"Nov 1980","624,60","648,00","659,00","585,00","44,96K","-1,79%"
"Oct 1980","636,00","682,00","694,00","620,00","15,43K","-5,29%"
"Sep 1980","671,50","639,70","727,00","635,50","48,93K","5,75%"
"Ago 1980","635,00","620,00","649,00","600,00","14,27K","2,47%"
"Jul 1980","619,70","662,90","691,00","604,00","51,30K","-4,28%"
"Jun 1980","647,40","567,00","658,50","550,00","26,51K","18,75%"
"May 1980","545,20","490,60","552,00","478,00","25,70K","8,69%"
"Abr 1980","501,60","504,00","562,00","465,00","23,19K","0,02%"
"Mar 1980","501,50","631,00","648,50","453,00","57,00K","-20,52%"
"Feb 1980","631,00","677,00","729,00","599,00","49,35K","-7,41%"
"Ene 1980","681,50","562,50","875,00","558,00","179,39K","27,72%"